City_ID,City,Country,Lat,Lng,Max Temp,Humidity,Cloudiness,Wind Speed,Current Description
0,Albany,US,42.6,-73.97,75.99,32,7,3.0,clear sky
1,Arrecife,ES,28.96,-13.55,77.0,78,20,4.7,few clouds
2,Norman Wells,CA,65.28,-126.83,46.4,70,75,2.24,broken clouds
3,Ushuaia,AR,-54.8,-68.3,46.4,82,75,19.46,shower rain
4,Saskylakh,RU,71.92,114.08,37.22,88,66,9.35,broken clouds
5,Lavrentiya,RU,65.58,-171.0,42.06,80,98,3.69,overcast clouds
6,San Policarpo,PH,12.18,125.51,79.83,85,100,5.1,overcast clouds
7,Hilo,US,19.73,-155.09,75.2,83,75,3.36,broken clouds
8,Mataura,NZ,-46.19,168.86,45.0,72,52,11.01,broken clouds
9,Mehamn,NO,71.04,27.85,55.08,75,83,7.81,broken clouds
10,Port Alfred,ZA,-33.59,26.89,63.25,76,87,7.56,overcast clouds
11,Waldoboro,US,44.1,-69.38,72.0,40,1,10.29,clear sky
12,Krosno,PL,49.69,21.77,71.01,62,62,1.01,broken clouds
13,Busselton,AU,-33.65,115.33,63.0,71,82,21.32,broken clouds
14,Rikitea,PF,-23.12,-134.97,71.71,80,13,16.55,few clouds
15,Hobart,AU,-42.88,147.33,46.0,75,12,6.93,few clouds
16,San Cristobal,VE,7.77,-72.22,91.4,43,20,9.17,few clouds
17,Atuona,PF,-9.8,-139.03,79.07,77,12,25.17,light rain
18,Amahai,ID,-3.33,128.92,77.72,88,85,7.25,overcast clouds
19,Chumikan,RU,54.72,135.31,52.34,96,100,11.23,light rain
20,Severo-Kurilsk,RU,50.68,156.12,52.27,73,91,2.15,overcast clouds
21,Cape Town,ZA,-33.93,18.42,55.99,82,75,16.11,broken clouds
22,Okhotsk,RU,59.38,143.3,50.54,88,100,7.25,overcast clouds
23,Butaritari,KI,3.07,172.79,82.65,75,13,13.67,few clouds
24,Cravo Norte,CO,6.3,-70.2,88.34,60,78,4.99,broken clouds
25,Mangan,IN,27.52,88.53,76.77,61,100,0.56,overcast clouds
26,Aklavik,CA,68.22,-135.01,33.8,68,90,6.93,mist
27,San Jeronimo,PE,-11.95,-75.28,62.24,37,45,3.71,scattered clouds
28,Maunabo,PR,18.01,-65.9,87.01,81,41,5.99,scattered clouds
29,San Ramon De La Nueva Oran,AR,-23.13,-64.33,87.01,32,5,3.0,clear sky
30,Abnub,EG,27.27,31.15,94.21,25,0,9.95,light rain
31,Madras,IN,13.09,80.28,84.2,74,40,5.82,scattered clouds
32,Bluff,NZ,-46.6,168.33,45.0,72,76,11.01,broken clouds
33,Avon Park,US,27.6,-81.51,93.99,69,18,4.0,few clouds
34,Yeniseysk,RU,58.45,92.17,40.86,96,0,5.12,clear sky
35,Akom,CM,2.67,12.71,68.0,98,78,4.27,light rain
36,Dunedin,NZ,-45.87,170.5,48.99,50,96,5.44,overcast clouds
37,Brae,GB,60.4,-1.35,51.8,76,94,25.28,light rain
38,Esperance,AU,-33.87,121.9,53.6,71,35,9.17,scattered clouds
39,Bull Savanna,JM,17.89,-77.59,85.51,60,3,13.42,clear sky
40,Trinidad,BO,-14.83,-64.9,95.0,50,75,3.36,smoke
41,Huarmey,PE,-10.07,-78.15,67.8,64,25,12.59,scattered clouds
42,Muskogee,US,35.58,-95.33,86.0,70,1,4.7,clear sky
43,Vostok,RU,46.49,135.88,58.66,70,100,1.66,overcast clouds
44,Richards Bay,ZA,-28.78,32.04,67.08,72,0,11.88,clear sky
45,Maragogi,BR,-9.01,-35.22,76.75,68,28,10.51,scattered clouds
46,Upernavik,GL,72.79,-56.15,35.31,80,37,14.27,scattered clouds
47,Avarua,CK,-21.21,-159.78,69.8,94,100,10.29,overcast clouds
48,Punta Arenas,CL,-53.15,-70.92,42.8,75,40,10.29,scattered clouds
49,Whitehorse,CA,60.72,-135.05,45.0,75,40,5.82,scattered clouds
50,Iqaluit,CA,63.75,-68.51,55.4,28,20,6.93,few clouds
51,Cahors,FR,44.42,1.33,80.6,42,0,10.29,clear sky
52,Vaini,TO,-21.2,-175.2,68.0,68,75,10.29,broken clouds
53,Katsuura,JP,35.13,140.3,80.01,92,2,1.99,clear sky
54,Tessalit,ML,20.2,1.01,86.52,42,51,17.98,broken clouds
55,Tiksi,RU,71.69,128.87,43.27,96,100,11.05,light rain
56,Salalah,OM,17.02,54.09,80.6,83,75,4.7,broken clouds
57,Tuktoyaktuk,CA,69.45,-133.04,37.4,75,90,9.17,light rain
58,Zyryanka,RU,65.75,150.85,44.55,70,4,5.61,clear sky
59,Kribi,CM,2.95,9.92,75.56,86,100,7.16,light rain
60,Hami,CN,42.8,93.45,76.28,21,0,15.01,clear sky
61,Yellowknife,CA,62.46,-114.35,50.0,61,75,9.17,broken clouds
62,Minjur,IN,13.27,80.27,84.2,74,40,5.82,scattered clouds
63,Great Yarmouth,GB,52.61,1.73,64.0,62,74,10.27,broken clouds
64,Svetlogorsk,BY,52.63,29.73,61.18,66,9,3.89,clear sky
65,Souillac,MU,-20.52,57.52,69.8,83,75,12.75,shower rain
66,Santa Rosa,PH,14.31,121.11,84.2,83,54,2.24,broken clouds
67,Canandaigua,US,42.87,-77.29,68.0,52,27,4.0,light rain
68,Saint-Francois,FR,46.42,3.91,73.4,53,43,12.75,scattered clouds
69,Grafton,US,42.21,-71.69,77.0,43,1,14.99,clear sky
70,Hithadhoo,MV,-0.6,73.08,77.56,84,100,26.64,heavy intensity rain
71,Poum,NC,-20.23,164.02,69.17,74,12,13.47,few clouds
72,Ankazobe,MG,-18.32,47.12,55.4,71,75,10.29,broken clouds
73,Taksimo,RU,56.34,114.88,53.62,73,32,1.39,scattered clouds
74,Bengkulu,ID,-3.8,102.27,75.51,90,98,3.02,light rain
75,Northam,GB,51.03,-4.22,62.01,80,16,7.0,few clouds
76,Hermanus,ZA,-34.42,19.23,53.01,94,100,8.61,light rain
77,Port Macquarie,AU,-31.43,152.92,53.01,97,59,7.78,broken clouds
78,Puerto Escondido,MX,15.85,-97.07,86.0,58,40,4.7,scattered clouds
79,Mentougou,CN,39.94,116.09,78.01,66,36,0.76,light rain
80,Jamestown,US,42.1,-79.24,66.99,63,90,13.87,overcast clouds
81,Cherskiy,RU,68.75,161.3,36.41,79,0,8.5,clear sky
82,Isangel,VU,-19.55,169.27,70.66,78,27,15.82,light rain
83,Broome,US,42.25,-75.83,73.0,40,40,11.41,scattered clouds
84,Misratah,LY,32.38,15.09,79.36,75,0,16.2,clear sky
85,New Norfolk,AU,-42.78,147.06,45.0,75,46,1.01,scattered clouds
86,Kapaa,US,22.08,-159.32,78.8,78,1,13.87,clear sky
87,Puerto Ayora,EC,-0.74,-90.35,73.4,64,40,13.87,scattered clouds
88,Kavieng,PG,-2.57,150.8,82.31,78,36,13.65,light rain
89,Verkhnevilyuysk,RU,63.45,120.32,47.03,96,85,4.99,overcast clouds
90,Prieska,ZA,-29.66,22.75,56.98,75,99,6.11,moderate rain
91,Port Elizabeth,ZA,-33.92,25.57,57.2,93,20,10.29,moderate rain
92,Barrow,US,71.29,-156.79,39.2,93,90,4.7,overcast clouds
93,Chokurdakh,RU,70.63,147.92,40.37,70,100,10.47,overcast clouds
94,Kosa,RU,59.94,55.0,48.11,90,36,2.98,scattered clouds
95,Bowen,AU,-20.02,148.23,60.8,93,0,5.82,clear sky
96,Mar Del Plata,AR,-38.0,-57.56,50.0,71,75,13.87,broken clouds
97,Buraydah,SA,26.33,43.98,96.8,18,20,2.24,few clouds
98,Codrington,AU,-38.27,141.97,42.06,94,12,8.19,few clouds
99,Biala Podlaska,PL,52.03,23.12,67.86,79,97,8.28,overcast clouds
100,Pangnirtung,CA,66.15,-65.71,46.4,65,20,12.75,few clouds
101,Saint-Philippe,RE,-21.36,55.77,66.2,88,75,10.29,light rain
102,Airai,TL,-8.93,125.41,57.02,43,83,3.36,broken clouds
103,Kaitangata,NZ,-46.28,169.85,48.99,50,83,6.6,broken clouds
104,Sahbuz,AZ,39.41,45.57,80.6,19,0,6.93,clear sky
105,Belmonte,BR,-15.86,-38.88,78.8,65,40,9.17,scattered clouds
106,Kemijarvi,FI,66.71,27.43,50.94,94,75,5.37,moderate rain
107,Kahului,US,20.89,-156.47,78.8,65,40,14.99,scattered clouds
108,Bontang,ID,0.13,117.5,77.4,87,95,5.48,overcast clouds
109,Schweinfurt,DE,50.05,10.23,66.0,66,57,1.01,broken clouds
110,Yerbogachen,RU,61.28,108.01,53.91,91,43,8.1,scattered clouds
111,Roald,NO,62.58,6.13,54.0,81,75,14.99,light rain
112,Mahebourg,MU,-20.41,57.7,69.8,83,75,12.75,shower rain
113,Saint-Pierre,RE,-21.34,55.48,66.2,88,75,10.29,light rain
114,Lannion,FR,48.75,-3.42,60.8,72,90,10.29,overcast clouds
115,Sibu,MY,2.3,111.82,77.0,94,40,2.24,light rain
116,Tra Vinh,VN,9.93,106.35,78.85,89,46,4.41,scattered clouds
117,Ostrovnoy,RU,68.05,39.51,57.11,83,43,14.54,scattered clouds
118,Saint George,US,37.1,-113.58,93.0,12,1,4.7,clear sky
119,Nevsehir,TR,38.92,34.67,78.8,41,40,9.17,scattered clouds
120,Glendive,US,47.11,-104.71,84.0,26,1,10.29,clear sky
121,Dondo,MZ,-19.61,34.74,71.6,73,20,13.87,few clouds
122,Praya,CV,14.92,-23.51,75.2,88,75,17.22,broken clouds
123,Cabedelo,BR,-6.98,-34.83,82.4,58,75,18.34,broken clouds
124,Saldanha,ZA,-33.01,17.94,55.4,87,94,6.93,overcast clouds
125,Waipawa,NZ,-41.41,175.52,57.2,87,100,28.86,overcast clouds
126,Pitimbu,BR,-7.47,-34.81,82.4,58,75,18.34,broken clouds
127,Marsa Matruh,EG,31.35,27.25,78.31,66,0,13.27,clear sky
128,Carnarvon,AU,-24.87,113.63,66.2,100,75,14.99,broken clouds
129,Clyde River,CA,70.47,-68.59,39.2,80,75,23.04,shower rain
130,Lebu,CL,-37.62,-73.65,53.51,70,56,7.11,broken clouds
131,Thompson,CA,55.74,-97.86,57.2,54,40,9.17,scattered clouds
132,Port Lincoln,AU,-34.73,135.87,53.15,83,31,8.7,scattered clouds
133,Berlevag,NO,70.86,29.09,54.99,80,53,6.15,broken clouds
134,Craig,US,40.52,-107.55,78.8,22,1,8.16,clear sky
135,Abashiri,JP,44.02,144.27,72.0,83,75,1.99,broken clouds
136,Kodiak,US,57.79,-152.41,42.8,87,75,4.7,broken clouds
137,Acari,PE,-15.43,-74.62,75.07,36,37,10.29,scattered clouds
138,Jinxiang,CN,22.86,115.7,79.16,82,42,5.14,scattered clouds
139,Tandur,IN,17.23,77.58,78.8,77,75,4.54,broken clouds
140,Laguna,US,38.42,-121.42,88.0,37,5,3.36,clear sky
141,Pevek,RU,69.7,170.31,35.47,85,5,7.63,clear sky
142,Komsomolskiy,UZ,40.43,71.72,73.4,31,0,4.7,clear sky
143,Kargasok,RU,59.06,80.86,44.04,97,100,5.64,overcast clouds
144,Namibe,AO,-15.2,12.15,65.19,72,0,2.84,clear sky
145,Faanui,PF,-16.48,-151.75,77.9,77,34,12.01,scattered clouds
146,Metro,ID,-5.11,105.31,73.47,91,95,4.52,overcast clouds
147,Pangai,TO,-19.8,-174.35,70.84,69,17,23.04,few clouds
148,Bahia De Caraquez,EC,-0.6,-80.42,77.0,78,90,8.05,overcast clouds
149,Lagoa,PT,39.05,-27.98,69.1,74,62,22.3,broken clouds
150,Vila Velha,BR,-20.33,-40.29,82.4,65,0,16.11,clear sky
151,Provideniya,RU,64.38,-173.3,41.29,77,100,5.37,overcast clouds
152,Havre-Saint-Pierre,CA,50.23,-63.6,57.2,71,1,20.8,clear sky
153,Wajir,KE,1.75,40.06,82.85,48,70,17.83,broken clouds
154,Oktyabrskiy,RU,54.48,53.47,49.5,81,0,2.68,clear sky
155,Touros,BR,-5.2,-35.46,84.2,54,40,17.22,scattered clouds
156,Udachnyy,RU,66.42,112.4,42.8,87,90,2.24,overcast clouds
157,Makakilo City,US,21.35,-158.09,78.8,73,1,4.7,clear sky
158,Noceto,IT,44.81,10.17,84.2,48,0,3.36,clear sky
159,Santa Cruz Cabralia,BR,-16.28,-39.02,78.8,65,40,9.17,scattered clouds
160,Sumenep,ID,-7.02,113.87,79.11,74,11,8.01,few clouds
161,Klyuchi,RU,52.27,79.17,46.27,68,63,5.68,broken clouds
162,Ulladulla,AU,-35.35,150.47,48.99,93,68,4.7,broken clouds
163,Nikolskoye,RU,59.7,30.79,61.0,77,74,4.47,broken clouds
164,Harper,LR,4.38,-7.72,76.37,82,68,10.42,broken clouds
165,Kichera,RU,55.94,110.1,54.63,69,100,0.31,overcast clouds
166,Road Town,VG,18.42,-64.62,89.6,70,40,14.99,scattered clouds
167,Ciampea,ID,-6.55,106.7,79.0,95,66,2.64,broken clouds
168,Cidreira,BR,-30.18,-50.21,57.96,92,100,15.61,overcast clouds
169,Anaconda,US,46.13,-112.94,73.4,25,1,4.7,clear sky
170,Sepolno Krajenskie,PL,53.45,17.53,60.01,86,87,5.23,overcast clouds
171,Kalamb,IN,19.05,73.95,78.62,77,99,3.98,overcast clouds
172,Ixtapa,MX,20.7,-105.2,88.0,79,90,3.36,overcast clouds
173,Arraial Do Cabo,BR,-22.97,-42.03,80.6,74,19,10.29,few clouds
174,Belozerskoye,RU,55.82,65.58,45.27,84,71,7.76,broken clouds
175,Black River,JM,18.03,-77.85,88.0,70,20,21.92,few clouds
176,East London,ZA,-33.02,27.91,59.0,93,40,6.93,light rain
177,Bethel,US,41.37,-73.41,75.99,33,1,6.93,clear sky
178,Aripuana,BR,-9.17,-60.63,106.57,15,37,3.87,scattered clouds
179,Cabo San Lucas,MX,22.89,-109.91,91.4,59,5,4.7,clear sky
180,Honningsvag,NO,70.98,25.97,52.93,87,94,5.79,overcast clouds
181,Ugoofaaru,MV,5.67,73.0,81.9,80,91,21.3,moderate rain
182,Qiongshan,CN,20.01,110.35,82.4,88,47,2.24,scattered clouds
183,Atasu,KZ,48.68,71.64,49.75,50,99,9.6,overcast clouds
184,Bubaque,GW,11.28,-15.83,76.6,87,99,20.54,light rain
185,Vaxjo,SE,56.88,14.81,55.4,87,1,8.05,clear sky
186,Portland,US,45.52,-122.68,66.0,68,75,5.82,broken clouds
187,Chapais,CA,49.78,-74.85,51.8,76,75,10.29,light rain
188,Kokoda,PG,-8.88,147.74,72.48,71,84,1.01,broken clouds
189,Depalpur,IN,22.85,75.55,75.54,86,4,2.91,clear sky
190,Harindanga,IN,22.04,88.32,86.0,94,40,6.93,haze
191,Mopipi,BW,-21.18,24.88,70.99,30,0,10.2,clear sky
192,Jacareacanga,BR,-6.22,-57.75,104.38,16,86,4.25,overcast clouds
193,Umm Lajj,SA,25.02,37.27,90.36,52,0,9.91,clear sky
194,Sakata,JP,38.92,139.85,74.55,77,1,14.34,clear sky
195,Hasaki,JP,35.73,140.83,77.0,94,75,9.17,thunderstorm
196,Thunder Bay,CA,48.4,-89.32,66.0,45,20,11.41,few clouds
197,Skibbereen,IE,51.55,-9.27,60.8,63,40,11.41,scattered clouds
198,Ponta Do Sol,PT,32.67,-17.1,72.0,69,77,5.01,broken clouds
199,Ust-Tsilma,RU,65.44,52.15,55.45,87,100,4.92,overcast clouds
200,Banjar,ID,-8.19,114.97,78.8,100,20,5.82,few clouds
201,Belle Glade,US,26.68,-80.67,91.99,68,67,4.0,broken clouds
202,Sioux Lookout,CA,50.1,-91.92,60.8,51,40,14.99,scattered clouds
203,Londiani,KE,-0.17,35.59,53.26,90,41,1.48,light rain
204,Honavar,IN,14.28,74.45,79.63,88,44,2.35,scattered clouds
205,Namatanai,PG,-3.67,152.43,79.39,79,45,6.46,scattered clouds
206,Iquitos,PE,-3.75,-73.25,87.8,66,40,3.36,scattered clouds
207,Jalu,LY,29.03,21.55,88.03,31,0,18.05,clear sky
208,Longyearbyen,SJ,78.22,15.64,42.8,100,90,2.24,fog
209,Samagaltay,RU,50.6,95.0,42.69,75,19,11.43,few clouds
210,Qaanaaq,GL,77.48,-69.36,29.26,82,1,4.0,clear sky
211,Luderitz,NA,-26.65,15.16,60.87,66,0,26.44,clear sky
212,Katangli,RU,51.71,143.23,59.05,91,99,9.44,overcast clouds
213,Ribeira Grande,PT,38.52,-28.7,75.2,53,20,20.8,few clouds
214,Lenart,SI,46.58,15.83,75.2,60,23,5.82,few clouds
215,Bambous Virieux,MU,-20.34,57.76,69.8,83,75,12.75,shower rain
216,Coihaique,CL,-45.58,-72.07,48.2,58,75,3.36,broken clouds
217,Torbay,CA,47.67,-52.73,79.0,69,90,21.92,overcast clouds
218,Georgetown,MY,5.41,100.34,80.6,88,20,3.36,few clouds
219,Alofi,NU,-19.06,-169.92,68.0,68,21,9.17,few clouds
220,Finschhafen,PG,-6.6,147.87,78.08,79,100,8.14,overcast clouds
221,Springdale,US,36.19,-94.13,84.0,78,75,8.05,broken clouds
222,Dingle,PH,11.0,122.67,77.16,90,98,2.48,overcast clouds
223,Chauk,MM,20.88,94.82,82.9,80,62,9.93,broken clouds
224,Padang,ID,-0.95,100.35,76.91,78,100,7.09,overcast clouds
225,Haines Junction,CA,60.75,-137.51,49.77,58,40,1.95,scattered clouds
226,Yenagoa,NG,4.92,6.26,75.02,89,100,6.29,overcast clouds
227,Ferzikovo,RU,54.52,36.76,59.0,82,63,2.24,broken clouds
228,Chuy,UY,-33.7,-53.46,56.89,63,6,9.75,clear sky
229,Angoche,MZ,-16.23,39.91,71.28,76,12,10.18,few clouds
230,Maun,BW,-19.98,23.42,80.6,24,0,10.29,clear sky
231,Mayumba,GA,-3.43,10.66,74.62,81,76,6.53,broken clouds
232,Bredasdorp,ZA,-34.53,20.04,55.4,87,100,4.7,overcast clouds
233,Sao Joao Da Barra,BR,-21.64,-41.05,84.2,54,20,10.04,few clouds
234,Marshall,US,34.38,-86.33,81.0,51,1,4.7,clear sky
235,Port Blair,IN,11.67,92.75,83.07,78,82,5.3,broken clouds
236,Tasiilaq,GL,65.61,-37.64,42.8,81,75,9.17,broken clouds
237,Opuwo,NA,-18.06,13.84,72.81,27,15,5.48,few clouds
238,Mantua,IT,45.17,10.78,80.01,70,0,3.04,clear sky
239,Angatuba,BR,-23.49,-48.41,88.56,25,19,7.9,few clouds
240,Moose Factory,CA,51.26,-80.61,57.2,76,20,10.29,few clouds
241,Nautla,MX,20.22,-96.78,75.06,92,100,10.63,overcast clouds
242,Quepos,CR,9.42,-84.17,77.0,73,75,11.41,broken clouds
243,Vao,NC,-22.67,167.48,69.49,73,52,21.61,broken clouds
244,Plettenberg Bay,ZA,-34.05,23.37,57.0,85,99,4.74,light rain
245,Gorno-Altaysk,RU,51.96,85.95,45.1,73,99,2.73,overcast clouds
246,Sao Filipe,CV,14.9,-24.5,80.73,75,100,2.26,light rain
247,Baykit,RU,61.67,96.37,50.56,88,100,5.86,moderate rain
248,Lemoore,US,36.3,-119.78,87.8,48,1,5.17,haze
249,Sitka,US,57.05,-135.33,50.0,87,20,4.7,few clouds
250,Marang,MY,5.21,103.21,78.8,88,20,2.24,few clouds
251,Preobrazheniye,RU,42.9,133.91,66.81,63,100,5.06,overcast clouds
252,Takoradi,GH,4.88,-1.76,76.21,82,92,10.63,overcast clouds
253,Vila Franca Do Campo,PT,37.72,-25.43,73.4,60,20,18.34,few clouds
254,Rock Springs,US,41.59,-109.2,75.2,14,1,4.7,clear sky
255,Soskovo,RU,52.75,35.38,59.83,57,79,5.86,broken clouds
256,Kharan,PK,28.58,65.42,87.28,13,0,3.22,clear sky
257,Kruisfontein,ZA,-34.0,24.73,57.99,88,100,1.99,overcast clouds
258,Piro,IN,25.33,84.42,83.57,77,74,3.51,moderate rain
259,Ketchikan,US,55.34,-131.65,57.2,93,75,10.29,broken clouds
260,Constitucion,CL,-35.33,-72.42,55.83,71,74,10.83,broken clouds
261,Susaki,JP,33.37,133.28,76.89,78,34,4.5,scattered clouds
262,Banda Aceh,ID,5.56,95.32,80.85,73,96,13.02,moderate rain
263,Alpena,US,45.06,-83.43,66.99,59,75,6.93,broken clouds
264,San-Pedro,CI,4.75,-6.64,76.17,83,86,10.22,overcast clouds
265,Yeppoon,AU,-23.13,150.73,64.4,88,40,4.7,scattered clouds
266,Tual,ID,-5.67,132.75,79.54,82,41,19.71,scattered clouds
267,Gallup,US,35.53,-108.74,84.2,17,1,11.41,clear sky
268,Angoram,PG,-4.06,144.07,73.27,98,89,2.3,overcast clouds
269,Changping,CN,40.22,116.22,78.01,77,5,2.24,light rain
270,Verkhoyansk,RU,67.54,133.38,47.68,81,68,1.14,broken clouds
271,Flinders,AU,-34.58,150.86,55.99,82,38,1.01,scattered clouds
272,San Patricio,MX,19.22,-104.7,82.4,78,90,11.41,overcast clouds
273,Yarmouth,US,41.71,-70.23,75.99,38,1,12.75,clear sky
274,Canoinhas,BR,-26.18,-50.39,83.21,41,22,4.92,few clouds
275,Gat,IL,31.61,34.76,86.0,100,0,6.44,clear sky
276,Swellendam,ZA,-34.02,20.44,55.4,87,99,4.7,light rain
277,Shimanovsk,RU,52.0,127.7,53.58,96,52,8.75,broken clouds
278,Artyom,AZ,40.47,50.33,75.2,78,30,6.93,scattered clouds
279,Tuatapere,NZ,-46.13,167.68,45.0,72,50,11.01,scattered clouds
280,Naze,JP,28.37,129.48,78.8,100,75,35.57,mist
281,Meulaboh,ID,4.14,96.13,78.08,82,100,4.81,heavy intensity rain
282,Guerrero Negro,MX,27.98,-114.06,85.3,50,0,6.82,clear sky
283,Toora-Khem,RU,52.47,96.11,35.87,86,15,1.19,few clouds
284,Zykovo,RU,55.95,93.15,37.4,93,0,2.24,clear sky
285,Nome,US,64.5,-165.41,37.4,93,40,6.93,scattered clouds
286,Mercedes,AR,-34.65,-59.43,64.0,48,0,5.01,clear sky
287,Antofagasta,CL,-23.65,-70.4,59.0,67,20,16.11,few clouds
288,Chilliwack,CA,49.17,-121.94,63.0,83,66,1.01,broken clouds
289,Saravena,CO,6.95,-71.88,86.74,64,39,4.38,scattered clouds
290,Diego De Almagro,CL,-26.37,-70.05,79.79,15,90,10.42,overcast clouds
291,Ancud,CL,-41.87,-73.82,51.89,64,79,5.35,broken clouds
292,Senador Jose Porfirio,BR,-2.59,-51.95,96.4,34,37,1.12,scattered clouds
293,Black Forest,US,39.01,-104.7,84.99,18,1,10.29,clear sky
294,Mago,RU,53.25,140.18,55.67,95,10,1.43,clear sky
295,Half Moon Bay,US,37.46,-122.43,78.01,64,40,4.83,scattered clouds
296,Bonthe,SL,7.53,-12.51,79.11,80,75,10.22,broken clouds
297,Santiago De Cao,PE,-7.96,-79.24,64.53,73,24,12.53,few clouds
298,Klaksvik,FO,62.23,-6.59,46.4,87,98,19.46,overcast clouds
299,Varhaug,NO,58.61,5.65,52.0,99,32,10.0,scattered clouds
300,San Ramon,US,37.78,-121.98,87.01,31,1,4.7,clear sky
301,Fairbanks,US,64.84,-147.72,44.6,100,90,5.82,light rain
302,Atar,MR,20.52,-13.05,102.96,22,61,2.95,broken clouds
303,Khabary,RU,53.63,79.53,42.85,89,41,6.26,scattered clouds
304,Khatanga,RU,71.97,102.5,36.52,82,81,8.23,broken clouds
305,Alekseyevsk,RU,57.84,108.35,54.68,78,36,0.85,scattered clouds
306,Asyut,EG,27.18,31.18,93.4,26,2,9.86,light rain
307,Abha,SA,18.22,42.51,80.6,52,20,9.17,few clouds
308,Bilma,NE,18.69,12.92,101.88,14,64,3.56,broken clouds
309,Victoria,HK,22.29,114.16,82.0,78,19,6.02,few clouds
310,San Juan Tecuaco,GT,14.08,-90.26,89.6,57,20,13.87,few clouds
311,Egvekinot,RU,66.32,-179.17,36.52,83,72,2.42,broken clouds
312,Korla,CN,41.76,86.15,71.65,22,0,2.06,clear sky
313,Rio Grande,BR,-32.03,-52.1,57.0,87,100,4.0,overcast clouds
314,Ambon,ID,-3.7,128.18,77.0,94,40,4.7,light rain
315,Truth Or Consequences,US,33.13,-107.25,88.0,27,1,6.64,clear sky
316,Pahrump,US,36.21,-115.98,100.99,13,0,1.01,clear sky
317,Zelenogorskiy,RU,55.03,87.0,46.4,87,75,8.95,broken clouds
318,Hamilton,US,39.18,-84.53,81.0,41,1,9.17,clear sky
319,Nanortalik,GL,60.14,-45.24,48.56,89,96,11.25,overcast clouds
320,West Wendover,US,40.74,-114.07,78.8,19,1,5.82,clear sky
321,Kaoma,ZM,-14.78,24.8,67.03,26,0,5.88,clear sky
322,Dikson,RU,73.51,80.55,41.92,89,13,18.86,few clouds
323,Nouadhibou,MR,20.93,-17.03,84.2,54,52,13.87,broken clouds
324,Mount Isa,AU,-20.73,139.5,73.4,20,0,11.41,clear sky
325,Vanimo,PG,-2.67,141.3,76.1,82,80,5.06,broken clouds
326,La Palma,US,33.85,-118.05,91.0,45,1,4.7,clear sky
327,Castro,BR,-24.79,-50.01,80.83,37,53,9.06,broken clouds
328,Broken Hill,AU,-31.95,141.43,57.2,44,0,10.29,clear sky
329,Ilulissat,GL,69.22,-51.1,39.2,80,75,2.24,broken clouds
330,Marawi,PH,8.0,124.29,75.0,93,100,5.99,overcast clouds
331,Sola,VU,-13.88,167.55,77.76,77,77,21.59,broken clouds
332,Kiruna,SE,67.86,20.23,50.0,93,100,3.36,light rain
333,Buin,CL,-33.73,-70.75,62.01,42,67,4.7,broken clouds
334,Taltal,CL,-25.4,-70.48,65.35,53,20,7.65,few clouds
335,Teya,RU,60.38,92.63,40.08,90,45,4.88,scattered clouds
336,Lata,PT,40.16,-8.33,89.01,55,0,3.0,clear sky
337,Quatre Cocos,MU,-20.21,57.76,69.8,83,75,12.75,shower rain
338,Concepcion,CL,-36.83,-73.05,57.2,67,75,8.05,broken clouds
339,Oregon,US,44.0,-120.5,80.01,18,0,7.0,clear sky
340,Turukhansk,RU,65.82,87.98,51.35,77,100,16.6,overcast clouds
341,Boa Vista,BR,2.82,-60.67,91.4,52,40,11.41,scattered clouds
342,Solnechnyy,RU,50.72,136.63,57.96,87,74,5.39,broken clouds
343,Bathsheba,BB,13.22,-59.52,87.8,66,40,13.87,scattered clouds
344,Biltine,TD,14.53,20.92,83.16,60,25,15.75,light rain
345,Salinopolis,BR,-0.61,-47.36,84.13,72,25,14.32,scattered clouds
346,Ballina,AU,-28.87,153.57,66.2,88,90,6.93,overcast clouds
347,Whitianga,NZ,-36.83,175.7,53.01,96,99,3.0,overcast clouds
348,Kenscoff,HT,18.45,-72.29,72.84,73,11,2.71,few clouds
349,Yashkino,RU,55.87,85.43,42.8,100,40,8.95,scattered clouds
350,Shenjiamen,CN,29.96,122.3,73.78,73,0,17.52,clear sky
351,Oistins,BB,13.07,-59.53,87.8,66,40,13.87,scattered clouds
352,Cornesti,RO,44.78,25.87,75.2,47,0,9.17,clear sky
353,Batagay-Alyta,RU,67.8,130.41,42.3,78,55,2.53,broken clouds
354,Idlib,SY,35.93,36.63,87.8,52,0,6.93,clear sky
355,Ville-Marie,CA,47.33,-79.43,60.8,55,75,8.05,broken clouds
356,Shingu,JP,33.73,135.98,76.19,84,5,7.38,clear sky
357,Denizli,TR,37.84,29.07,78.8,31,0,14.99,clear sky
358,Smithers,CA,54.78,-127.17,53.6,93,75,5.82,tornado
359,Sindor,RU,62.86,51.89,55.17,84,46,4.92,scattered clouds
360,Inirida,CO,3.87,-67.92,87.69,66,23,1.99,few clouds
361,Marienburg,PL,54.04,19.03,62.01,100,100,5.59,overcast clouds
362,Damietta,EG,31.42,31.81,79.97,77,0,11.88,clear sky
363,Hambantota,LK,6.12,81.12,81.34,78,99,11.34,overcast clouds
364,Sinegorskiy,RU,48.01,40.84,71.65,35,28,12.48,scattered clouds
365,Salinas,US,36.68,-121.66,75.2,47,1,4.7,clear sky
366,Khaniotis,GR,40.0,23.58,79.0,56,0,3.74,clear sky
367,Bela,IN,25.93,81.98,85.53,67,55,3.38,broken clouds
368,Progreso,MX,21.28,-89.67,87.8,66,75,10.29,broken clouds
369,Namtsy,RU,62.72,129.67,44.6,81,25,6.71,scattered clouds
370,Homer,US,59.64,-151.55,48.0,93,1,5.82,clear sky
371,Sinnamary,GF,5.38,-52.95,83.88,73,12,9.8,few clouds
372,Olinda,BR,-8.01,-34.86,82.4,51,75,13.87,broken clouds
373,Tazovskiy,RU,67.47,78.7,43.12,79,49,15.01,scattered clouds
374,Mitu,CO,1.2,-70.17,92.68,48,4,1.88,clear sky
375,Petrovskaya,RU,45.43,37.95,69.8,94,75,2.24,broken clouds
376,Avera,US,33.19,-82.53,89.6,59,40,8.05,scattered clouds
377,Lithgow,AU,-33.48,150.15,44.01,92,0,2.28,clear sky
378,Sinfra,CI,6.62,-5.92,86.0,66,75,4.7,broken clouds
379,Alcaniz,ES,41.05,-0.13,77.0,68,0,3.0,clear sky
380,Griffith,US,41.53,-87.42,82.99,39,1,19.46,clear sky
381,Borovoy,RU,55.43,86.08,46.4,87,75,8.95,broken clouds
382,Miyako,JP,39.64,141.95,68.61,87,20,3.42,few clouds
383,Sigli,ID,5.38,95.96,79.48,76,91,7.61,light rain
384,Batagay,RU,67.63,134.63,48.07,89,99,1.81,overcast clouds
385,Baker City,US,44.77,-117.83,75.99,36,1,3.36,clear sky
386,Khandyga,RU,62.67,135.6,50.18,97,100,1.28,light rain
387,Akyab,MM,20.15,92.9,82.51,78,96,3.22,overcast clouds
388,Morro Bay,US,35.37,-120.85,82.0,50,1,5.57,clear sky
389,Rocha,UY,-34.48,-54.33,57.63,54,0,10.47,clear sky
390,Kropotkin,RU,45.44,40.58,78.37,38,95,7.83,overcast clouds
391,Luorong,CN,24.41,109.61,79.47,81,79,2.46,broken clouds
392,Tecoanapa,MX,16.52,-98.75,85.5,67,34,7.87,scattered clouds
393,Srednekolymsk,RU,67.45,153.68,41.83,66,11,9.73,few clouds
394,Leningradskiy,RU,69.38,178.42,34.3,89,59,4.97,broken clouds
395,Seoul,KR,37.57,126.98,69.8,77,75,1.41,light rain
396,Qaqortoq,GL,60.72,-46.03,48.2,93,75,11.79,moderate rain
397,Strathpeffer,GB,57.59,-4.54,57.0,62,40,13.87,scattered clouds
398,Nurota,UZ,40.56,65.69,77.0,25,47,6.93,scattered clouds
399,Nalut,LY,30.33,10.85,92.64,16,78,4.05,broken clouds
400,Qasigiannguit,GL,68.82,-51.19,39.2,80,75,2.24,broken clouds
401,Menongue,AO,-14.66,17.69,70.52,23,0,4.7,clear sky
402,Tonj,SS,7.27,28.68,73.33,92,75,3.24,broken clouds
403,Shubarkuduk,KZ,49.14,56.49,63.07,30,0,8.32,clear sky
404,Port-Gentil,GA,-0.72,8.78,77.0,78,20,12.57,few clouds
405,Manitouwadge,CA,49.12,-85.84,57.2,71,90,3.36,overcast clouds
406,Pietersburg,ZA,-23.9,29.47,60.8,59,0,10.29,clear sky
407,North Platte,US,41.12,-100.77,91.99,38,1,6.93,clear sky
408,Port Hardy,CA,50.7,-127.42,59.0,93,90,2.24,overcast clouds
409,Ati,TD,13.22,18.34,89.92,49,4,5.5,clear sky
410,Shihezi,CN,44.3,86.03,69.89,41,1,5.06,clear sky
411,Kangaatsiaq,GL,68.31,-53.46,42.06,76,100,16.51,overcast clouds
412,Lixourion,GR,38.2,20.43,80.6,83,0,6.55,clear sky
413,Verkhoturye,RU,58.86,60.81,45.75,89,3,1.99,clear sky
414,Simao,CN,22.79,100.97,66.11,94,100,1.86,overcast clouds
415,Chichihualco,MX,17.68,-99.65,75.76,74,22,1.99,few clouds
416,Lompoc,US,34.64,-120.46,69.8,64,1,4.7,clear sky
417,Cheyenne,US,41.14,-104.82,90.0,12,1,16.11,clear sky
418,Lahat,ID,-3.8,103.53,72.34,89,100,2.48,overcast clouds
419,Buala,SB,-8.14,159.59,79.65,83,48,8.61,light rain
420,Aksarka,RU,66.56,67.8,42.31,81,32,3.31,scattered clouds
421,Ostersund,SE,63.18,14.64,50.0,93,77,3.18,broken clouds
422,Ravar,IR,31.27,56.81,68.61,20,0,4.0,clear sky
423,Tukrah,LY,32.53,20.58,76.55,69,0,16.84,clear sky
424,Manuk Mangkaw,PH,4.8,119.85,84.42,70,61,5.32,broken clouds
425,Viesca,MX,25.35,-102.8,80.6,51,75,6.93,broken clouds
426,Shyroke,UA,47.69,33.26,69.8,49,85,6.71,overcast clouds
427,Yinchuan,CN,38.47,106.27,73.22,35,7,3.98,clear sky
428,Heihe,CN,50.24,127.49,59.0,87,20,8.95,few clouds
429,Guymon,US,36.68,-101.48,87.8,40,1,13.87,clear sky
430,Rio Gallegos,AR,-51.62,-69.22,48.2,49,40,6.93,scattered clouds
431,Corpus Christi,US,27.8,-97.4,89.6,74,90,11.41,shower rain
432,Neiafu,TO,-18.65,-173.98,71.6,60,20,12.75,few clouds
433,Jinchang,CN,38.5,102.17,68.04,38,23,2.84,few clouds
434,La Romana,DO,18.43,-68.97,89.6,70,40,17.22,scattered clouds
435,Te Anau,NZ,-45.42,167.72,42.06,86,31,3.31,scattered clouds
436,Yazd,IR,31.9,54.37,82.4,10,0,4.7,clear sky
437,Margate,GB,51.38,1.39,63.0,79,56,4.0,broken clouds
438,Goure,NE,13.98,10.27,93.29,33,0,3.69,clear sky
439,Seymchan,RU,62.88,152.43,44.78,78,0,8.1,clear sky
440,Evensk,RU,61.95,159.23,46.96,75,89,7.76,overcast clouds
441,Nantucket,US,41.28,-70.1,73.4,40,1,6.93,clear sky
442,San Matias,BO,-16.37,-58.4,107.22,11,68,6.6,broken clouds
443,Grindavik,IS,63.84,-22.43,51.8,50,75,11.41,broken clouds
444,Fort Nelson,CA,58.81,-122.7,51.8,81,40,2.24,scattered clouds
445,Kavaratti,IN,10.57,72.64,83.35,78,92,3.62,moderate rain
446,Verkhovye,RU,52.81,37.24,61.97,50,100,6.4,overcast clouds
447,Suez,EG,29.97,32.53,82.96,61,2,16.31,clear sky
448,Ingham,US,42.6,-84.38,75.2,50,75,6.93,broken clouds
449,Rawson,AR,-43.3,-65.1,56.88,40,32,18.32,scattered clouds
450,Naryan-Mar,RU,67.67,53.09,56.34,87,99,10.4,overcast clouds
451,Bosanska Gradiska,BA,45.14,17.25,75.2,57,0,1.12,clear sky
452,Necochea,AR,-38.55,-58.74,50.0,71,77,7.0,broken clouds
453,Puri,IN,19.8,85.85,84.2,89,20,8.05,haze
454,Gidam,IN,18.98,81.4,75.96,90,100,1.66,overcast clouds
455,Tchaourou,BJ,8.89,2.6,72.95,91,96,4.88,overcast clouds
456,Lebyazhye,RU,55.27,66.49,49.03,67,85,8.43,overcast clouds
457,Trail,CA,49.1,-117.7,73.99,40,22,3.0,few clouds
458,Dwarka,IN,22.24,68.97,83.1,78,28,8.34,scattered clouds
459,Ulaanbaatar,MN,47.91,106.88,46.4,87,20,2.24,few clouds
460,Karratha,AU,-20.74,116.85,68.43,71,79,6.93,broken clouds
461,Brasileia,BR,-11.02,-68.75,97.34,29,32,2.46,scattered clouds
462,Tezu,IN,27.92,96.17,75.97,85,99,3.24,overcast clouds
463,Voyvozh,RU,62.89,54.96,50.83,83,14,3.91,few clouds
464,Galle,LK,6.04,80.22,79.9,87,100,7.52,overcast clouds
465,Cervo,ES,43.67,-7.41,66.0,1,84,17.72,broken clouds
466,Jesi,IT,43.53,13.24,77.0,73,0,5.82,clear sky
467,Kieta,PG,-6.22,155.63,79.05,77,97,4.7,light rain
468,Bahia Blanca,AR,-38.72,-62.27,58.05,36,87,10.92,light rain
469,Kukes,AL,42.08,20.42,75.0,45,0,5.01,clear sky
470,Nemuro,JP,43.32,145.57,62.82,95,99,6.49,overcast clouds
471,Port Hedland,AU,-20.32,118.57,68.0,100,69,8.05,heavy intensity rain
472,Pisco,PE,-13.7,-76.22,64.0,77,3,11.41,clear sky
473,Shalinskoye,RU,55.72,93.76,40.1,88,42,4.97,scattered clouds
474,Thaba Nchu,ZA,-29.21,26.84,69.8,52,40,11.41,scattered clouds
475,Camacha,PT,33.08,-16.33,75.2,73,75,11.41,broken clouds
476,Suleja,NG,9.18,7.18,72.66,95,87,5.06,moderate rain
477,Tiarei,PF,-17.53,-149.33,77.0,73,75,9.17,broken clouds
478,Qunduz,AF,36.73,68.86,73.74,23,0,4.43,clear sky
479,Bereda,ES,43.27,-7.54,64.0,1,63,10.38,broken clouds
480,Bulolo,PG,-7.2,146.65,68.38,78,92,1.07,overcast clouds
481,Ahipara,NZ,-35.17,173.17,54.28,76,99,9.62,overcast clouds
482,Issoire,FR,45.55,3.25,71.6,60,40,8.05,scattered clouds
483,Semnan,IR,35.57,53.4,80.6,14,14,2.24,few clouds
484,Eustaquio Lopez,PH,10.82,123.04,79.75,83,97,9.37,overcast clouds
485,Eyrarbakki,IS,63.86,-21.15,53.6,61,14,5.82,few clouds
486,Singaraja,ID,-8.11,115.09,77.34,71,42,6.17,scattered clouds
487,Thayetmyo,MM,19.32,95.18,77.86,91,89,2.66,overcast clouds
488,Wajima,JP,37.4,136.9,80.13,85,73,5.17,broken clouds
489,Vaasa,FI,63.1,21.62,57.0,82,20,6.93,few clouds
490,Umm Kaddadah,SD,13.6,26.69,91.99,31,28,13.62,scattered clouds
491,Anadyr,RU,64.75,177.48,39.2,86,20,4.47,few clouds
492,Aswan,EG,24.09,32.91,98.51,20,52,4.88,broken clouds
493,Datong,CN,40.09,113.29,65.68,43,58,5.59,light rain
494,Ploufragan,FR,48.49,-2.79,63.0,59,36,9.17,scattered clouds
495,Mildura,AU,-34.2,142.15,50.0,66,17,4.7,few clouds
496,Panzhihua,CN,26.59,101.71,72.5,82,100,0.09,moderate rain
497,Bridlington,GB,54.08,-0.19,60.8,63,88,10.29,overcast clouds
498,San Quintin,MX,30.48,-115.95,87.89,40,0,7.61,clear sky
499,Huilong,CN,31.81,121.66,79.0,82,0,10.47,clear sky
500,Ulkan,RU,57.24,107.32,57.29,87,42,8.84,scattered clouds
501,Talnakh,RU,69.49,88.4,37.4,72,40,4.47,scattered clouds
502,Zhaotong,CN,27.32,103.72,62.56,93,100,5.91,moderate rain
503,Arroyo,ES,41.61,-4.8,81.0,36,0,19.46,clear sky
504,Teahupoo,PF,-17.83,-149.27,77.0,73,75,9.17,broken clouds
505,Pringsewu,ID,-5.36,104.97,72.82,91,90,4.68,overcast clouds
506,Khao Wong,TH,16.7,104.09,79.0,81,76,4.29,broken clouds
507,Shetpe,KZ,44.17,52.12,76.53,25,15,14.07,few clouds
508,Itarema,BR,-2.92,-39.92,84.27,56,28,20.83,scattered clouds
509,Senftenberg,DE,51.52,14.02,60.01,86,77,1.01,broken clouds
510,Grand Gaube,MU,-20.01,57.66,68.0,77,2,1.99,clear sky
511,Molina,CL,-35.12,-71.28,57.2,54,75,12.75,moderate rain
512,Tsiroanomandidy,MG,-18.77,46.03,68.36,47,93,2.44,overcast clouds
513,Acapulco,MX,16.86,-99.89,86.0,70,75,11.41,broken clouds
514,Hofn,IS,64.25,-15.21,47.53,68,74,9.33,broken clouds
515,Sydney,AU,-33.87,151.21,53.6,81,40,8.05,scattered clouds
516,Mana,GF,5.66,-53.78,83.14,73,17,8.99,few clouds
517,Les Escoumins,CA,48.11,-69.02,58.53,61,0,15.59,clear sky
518,Cururupu,BR,-1.83,-44.87,85.64,61,97,7.02,overcast clouds
519,Yining,CN,29.04,114.56,68.4,85,50,1.12,scattered clouds
520,Okato,NZ,-39.2,173.88,54.21,85,100,11.61,light rain
521,Hurghada,EG,27.26,33.81,89.87,48,0,12.28,clear sky
522,Eureka,US,40.8,-124.16,66.0,72,1,8.97,clear sky
523,Mananjary,MG,-21.22,48.33,65.19,86,55,7.52,light rain
524,Cosala,MX,24.41,-106.69,95.0,75,5,8.01,clear sky
525,Alice Springs,AU,-23.7,133.88,59.0,22,0,6.93,clear sky
526,Peniche,PT,39.36,-9.38,78.01,71,0,5.99,clear sky
527,Geraldton,AU,-28.77,114.6,53.6,93,90,9.17,overcast clouds
528,Rurrenabaque,BO,-14.44,-67.53,98.65,28,25,5.35,scattered clouds
529,Muli,MV,2.92,73.57,79.88,80,100,34.52,overcast clouds
530,Khorixas,NA,-20.37,14.97,66.09,34,0,11.3,clear sky
531,Pochutla,MX,15.74,-96.47,89.6,62,75,5.64,broken clouds
532,Vila,PT,42.03,-8.16,82.0,52,0,8.99,clear sky
533,Teguise,ES,29.06,-13.56,77.0,78,20,4.7,few clouds
534,Camacupa,AO,-12.02,17.48,74.79,20,47,4.29,scattered clouds
535,Chaumont,FR,48.12,5.13,64.99,71,87,3.0,overcast clouds
536,Matadi,CD,-5.82,13.45,82.4,55,0,12.75,clear sky
537,Kindu,CD,-2.95,25.95,78.71,48,19,0.89,few clouds
538,Vestmannaeyjar,IS,63.44,-20.27,51.8,66,10,12.75,clear sky
539,Ornskoldsvik,SE,63.29,18.72,55.4,87,87,6.93,moderate rain
540,Saint-Raphael,HT,19.43,-72.2,84.2,70,40,11.41,scattered clouds
541,Asfi,MA,32.3,-9.24,73.6,76,7,5.1,clear sky
542,Carutapera,BR,-1.2,-46.02,86.43,64,41,11.43,scattered clouds
543,Fuyu,CN,45.18,124.82,59.9,93,1,10.18,clear sky
544,Kirakira,SB,-10.45,161.92,79.32,83,91,11.7,overcast clouds
545,Goundi,TD,9.36,17.37,75.76,90,62,1.72,broken clouds
546,Quthing,LS,-30.4,27.7,65.17,40,40,7.02,scattered clouds
547,Lubango,AO,-14.92,13.49,84.2,47,20,9.17,few clouds
548,Waitati,NZ,-45.75,170.57,48.0,68,96,3.0,overcast clouds
549,Adrar,MR,20.5,-10.07,100.15,22,83,16.46,broken clouds
550,San Rafael,AR,-34.62,-68.33,52.07,59,99,16.06,overcast clouds
551,Itoman,JP,26.12,127.67,78.8,94,75,33.33,broken clouds
552,Tres Arroyos,AR,-38.37,-60.28,56.26,44,63,7.11,broken clouds
553,Baruun-Urt,MN,46.68,113.28,59.02,60,93,10.63,overcast clouds
554,Vierzon,FR,47.21,2.06,66.2,59,79,2.24,broken clouds
555,Sorland,NO,67.67,12.69,53.49,87,100,8.32,overcast clouds
556,Fortuna,US,40.6,-124.16,68.0,68,20,8.05,few clouds
557,Revelstoke,CA,50.98,-118.2,68.0,68,1,2.24,clear sky
558,Bud,US,39.45,-86.18,78.01,44,1,8.05,clear sky
559,Tigzirt,DZ,36.89,4.12,76.41,78,10,10.0,clear sky
560,Amazar,RU,53.86,120.88,50.34,91,76,3.91,broken clouds
561,Fernie,CA,49.5,-115.07,69.8,45,20,5.5,few clouds
562,Aktau,KZ,43.65,51.2,73.4,73,44,4.47,scattered clouds
563,Luena,AO,-11.78,19.92,69.31,23,0,5.3,clear sky
564,Simpang,ID,-1.27,104.08,74.05,95,100,1.1,overcast clouds
565,Mariestad,SE,58.71,13.82,53.6,93,67,11.41,broken clouds
566,Togul,RU,53.47,85.91,41.41,89,31,5.97,scattered clouds
567,Ocampo,MX,21.65,-101.5,66.13,63,100,19.42,overcast clouds
568,Amapa,BR,1.0,-52.0,89.56,50,70,3.96,broken clouds
569,Belyy Yar,RU,53.6,91.39,50.0,61,38,4.47,scattered clouds
570,La Paz,BO,-16.5,-68.15,66.2,22,20,6.93,few clouds
571,Oktyabrskoye,RU,43.06,44.74,68.0,77,20,6.71,few clouds
572,Chernolesskoye,RU,44.72,43.71,71.19,55,26,13.53,scattered clouds
573,Mount Gambier,AU,-37.83,140.77,41.0,100,75,5.82,broken clouds
574,Moba,CN,33.23,105.02,51.21,94,100,4.65,overcast clouds
575,Bulgan,MN,48.81,103.53,53.42,81,1,4.61,clear sky
576,Inuvik,CA,68.35,-133.72,33.8,66,90,6.93,mist
577,Santa Maria,BR,-29.68,-53.81,57.2,93,90,17.22,moderate rain
578,Jinxi,CN,30.43,116.29,72.23,64,71,5.17,light rain
579,Kulhudhuffushi,MV,6.62,73.07,82.36,80,90,19.37,overcast clouds
580,Ballater,GB,57.05,-3.04,52.0,63,45,1.99,scattered clouds
581,Maceio,BR,-9.67,-35.74,80.6,61,40,13.87,scattered clouds
582,Lusambo,CD,-4.97,23.45,80.73,32,3,2.13,clear sky
583,Taoudenni,ML,22.68,-3.98,103.62,11,3,19.77,clear sky
584,Bijar,IR,35.87,47.61,61.14,36,0,4.72,clear sky
585,Mugumu,TZ,-1.85,34.7,70.59,55,53,3.58,broken clouds
586,Loma Bonita,PA,8.38,-80.17,82.99,65,48,4.63,scattered clouds
587,Miastko,PL,54.0,16.98,57.99,86,60,4.94,broken clouds
588,Port-Cartier,CA,50.03,-66.87,64.4,48,40,13.87,scattered clouds
589,Atwater,US,37.35,-120.61,88.0,39,1,0.31,clear sky
590,Harrison,US,30.41,-89.04,95.0,50,1,8.05,clear sky
591,Xambioa,BR,-6.41,-48.54,105.76,16,97,6.15,overcast clouds
592,Deputatskiy,RU,69.3,139.9,39.97,100,100,2.01,light rain
593,Strezhevoy,RU,60.73,77.59,42.8,100,90,6.71,light rain
594,Assiniboia,CA,49.63,-105.98,82.49,21,8,11.79,clear sky
595,Atambua,ID,-9.11,124.89,68.18,86,86,4.85,overcast clouds
596,Hailar,CN,49.2,119.7,50.43,95,19,4.65,few clouds
597,Novikovo,RU,51.15,37.89,64.74,41,100,7.54,light rain
598,Saint Anthony,US,45.02,-93.22,75.99,38,1,3.36,clear sky
599,Bitung,ID,1.45,125.18,75.2,94,20,1.12,few clouds
600,Byron Bay,AU,-28.65,153.62,64.4,88,90,6.93,overcast clouds
601,Redcar,GB,54.62,-1.06,57.0,73,92,5.99,overcast clouds
602,Waddan,LY,29.16,16.14,90.27,27,0,14.32,clear sky
603,Sawakin,SD,19.11,37.33,97.79,32,0,6.02,clear sky
604,Kayes,ML,14.0,-11.0,81.86,84,99,5.77,overcast clouds
605,San Nicolas,PH,18.17,120.6,79.2,81,59,3.06,broken clouds
606,Juegang,CN,32.32,121.19,71.19,78,0,6.22,clear sky
607,Beloha,MG,-25.17,45.05,63.55,70,5,15.12,clear sky
608,Aleksandrov Gay,RU,50.15,48.57,67.78,28,53,7.61,broken clouds
609,Caravelas,BR,-17.71,-39.25,79.34,58,16,8.12,few clouds
610,Sur,OM,22.57,59.53,80.82,71,0,12.03,clear sky
611,West Bay,KY,19.37,-81.42,86.0,77,34,11.99,scattered clouds
612,Izhma,RU,65.01,53.91,57.42,77,100,6.49,overcast clouds
613,Chernyshevskiy,RU,63.01,112.47,46.69,98,77,5.06,broken clouds
614,Senanga,ZM,-16.12,23.27,71.33,22,0,4.72,clear sky
615,Auki,SB,-8.77,160.7,77.11,87,79,4.07,broken clouds
616,North Bend,US,43.41,-124.22,66.99,72,90,5.82,overcast clouds
617,Odweyne,SO,9.41,45.06,79.92,45,94,13.02,light rain
618,Mehran,IR,33.12,46.16,78.8,34,0,4.7,clear sky
619,Larsnes,NO,62.2,5.58,51.01,87,100,5.99,overcast clouds
620,Singaparna,ID,-7.35,108.11,68.36,84,31,0.69,scattered clouds
621,Barmer,IN,25.75,71.38,88.68,61,100,2.33,overcast clouds
622,Saint-Jerome,CA,45.78,-74.0,68.0,52,75,10.29,broken clouds
623,Lorengau,PG,-2.02,147.27,82.31,76,97,8.9,overcast clouds
624,Baft,IR,29.23,56.61,69.87,22,0,11.9,clear sky
625,Payo,ID,-3.75,103.64,72.48,93,100,1.68,overcast clouds
626,Caraballeda,VE,10.61,-66.85,82.0,77,8,6.44,clear sky
627,Zaranj,AF,30.97,61.88,84.2,20,0,13.87,clear sky
628,Coquimbo,CL,-29.95,-71.34,60.8,63,3,16.11,clear sky
629,Bandarbeyla,SO,9.49,50.81,75.85,82,7,23.67,clear sky
630,Karpogory,RU,64.0,44.45,61.34,71,94,9.35,overcast clouds
631,Batemans Bay,AU,-35.72,150.18,49.08,82,40,2.89,scattered clouds
632,Beringovskiy,RU,63.05,179.32,45.66,73,100,7.58,overcast clouds
633,Baijiantan,CN,45.63,85.18,68.88,27,14,13.67,light rain
634,Porto Belo,BR,-27.16,-48.55,71.01,93,75,9.17,broken clouds
635,Olavarria,AR,-36.89,-60.32,59.0,34,21,3.0,few clouds
636,Boyolangu,ID,-8.12,111.89,72.57,90,43,3.24,scattered clouds
637,Zhangjiakou,CN,40.81,114.88,64.51,57,91,3.94,overcast clouds
638,Fomboni,KM,-12.28,43.74,76.19,71,53,12.01,broken clouds
639,Silopi,TR,37.25,42.47,85.84,14,0,2.66,clear sky
640,Labuhan,ID,-6.88,112.21,77.25,80,12,10.92,few clouds
641,Santa Maria Da Boa Vista,BR,-8.81,-39.83,92.21,21,1,16.31,clear sky
642,Crewe,GB,53.1,-2.44,60.01,69,44,1.99,scattered clouds
643,Cacu,BR,-18.56,-51.13,97.12,10,58,8.28,broken clouds
644,Agadez,NE,19.75,10.25,96.55,10,0,2.73,clear sky
645,Aitape,PG,-3.14,142.35,75.06,88,89,1.95,light rain
646,Hals,DK,57.0,10.31,55.99,74,7,4.0,clear sky
647,Athabasca,CA,54.72,-113.29,55.54,86,100,5.37,heavy intensity rain
648,Cayenne,GF,4.93,-52.33,78.8,88,12,3.36,few clouds
649,Estrela,BR,-28.06,-50.94,69.08,74,58,5.37,broken clouds
650,Ewo,CG,-0.87,14.82,78.08,74,100,7.11,light rain
651,Port Moresby,PG,-9.44,147.18,75.61,91,97,6.87,overcast clouds
652,Leh,IN,34.17,77.58,59.72,35,37,4.99,scattered clouds
653,Mandalgovi,MN,45.76,106.27,57.49,66,0,9.51,clear sky
654,Mahon,ES,39.89,4.27,75.2,69,20,5.82,few clouds
655,Kasongo-Lunda,CD,-6.47,16.82,86.2,40,59,0.6,broken clouds
656,Abu Kamal,SY,34.45,40.92,87.67,13,0,1.03,clear sky
657,Mbini,GQ,1.57,9.61,78.8,83,40,9.17,scattered clouds
658,Kushima,JP,31.46,131.23,78.58,90,100,13.22,moderate rain
659,Bilibino,RU,68.05,166.44,29.26,92,6,2.93,clear sky
660,Walvis Bay,NA,-22.96,14.51,59.0,78,0,8.99,clear sky
661,Maniitsoq,GL,65.42,-52.9,45.39,92,100,4.54,light rain
662,Baherden,TM,38.44,57.43,82.49,18,56,6.78,broken clouds
663,Darnah,LY,32.77,22.64,77.11,67,0,22.26,clear sky
664,Orebro,SE,59.27,15.21,60.01,62,88,10.29,overcast clouds
665,Liverpool,GB,53.41,-2.98,60.8,67,40,17.22,scattered clouds
666,Mogadishu,SO,2.04,45.34,77.38,77,93,16.98,overcast clouds
667,Gamba,GA,-2.65,10.0,74.21,81,98,6.8,overcast clouds
668,Lethem,GY,3.38,-59.8,88.97,58,26,5.28,scattered clouds
669,Ponta Delgada,PT,37.73,-25.67,73.4,60,20,18.34,few clouds
670,Vestmanna,FO,62.16,-7.17,46.4,87,97,19.46,overcast clouds
671,Wuwei,CN,37.93,102.64,64.72,39,33,3.31,scattered clouds
672,Sar-E Pul,AF,35.83,66.17,55.6,38,0,3.06,clear sky
673,Kuala Terengganu,MY,5.33,103.14,78.8,88,20,2.24,few clouds
674,Thinadhoo,MV,0.53,72.93,79.07,81,100,29.39,light rain
675,Lekoni,GA,-1.58,14.26,81.23,60,93,8.21,overcast clouds
676,Sabha,LY,27.04,14.43,94.55,16,14,15.57,few clouds
677,Dzhebariki-Khaya,RU,62.22,135.8,50.16,95,100,2.71,light rain
678,Firminy,FR,45.39,4.29,77.0,44,26,12.75,scattered clouds
679,Ust-Nera,RU,64.57,143.2,46.06,66,76,4.65,broken clouds
680,Pandan,PH,14.05,124.17,81.09,82,97,6.38,overcast clouds
681,Yulara,AU,-25.24,130.99,64.4,20,0,8.05,clear sky
682,Pingliang,CN,35.54,106.69,60.87,57,51,5.17,broken clouds
683,Fatehgarh,IN,27.37,79.63,87.17,60,68,1.66,broken clouds
684,Hobyo,SO,5.35,48.53,76.91,80,42,25.84,scattered clouds
685,Marzuq,YE,14.4,46.47,81.23,49,74,5.88,broken clouds
686,Inhambane,MZ,-23.86,35.38,69.8,68,75,5.82,broken clouds
687,Guiglo,CI,6.55,-7.5,77.09,87,84,3.69,light rain
688,Jiangyou,CN,31.77,104.72,68.58,84,89,2.06,overcast clouds
689,Betare Oya,CM,5.6,14.08,68.5,96,62,7.83,light rain
690,Bobcaygeon,CA,44.55,-78.54,70.0,40,20,13.87,few clouds
691,Miandrivazo,MG,-19.52,45.47,72.79,54,16,1.25,few clouds
692,Talcahuano,CL,-36.72,-73.12,57.2,67,75,8.05,broken clouds
693,Isla Mujeres,MX,21.23,-86.73,89.6,66,40,11.41,scattered clouds
694,Wanning,CN,18.8,110.4,81.75,87,49,7.34,scattered clouds
695,Pentecoste,BR,-3.79,-39.27,80.01,66,4,24.0,clear sky
696,Henties Bay,NA,-22.12,14.28,59.0,78,3,8.99,clear sky
697,Gravdal,NO,68.12,13.5,53.35,89,100,9.06,overcast clouds
698,Cordoba,AR,-31.41,-64.18,68.0,48,20,6.93,few clouds
699,Mayo,US,38.89,-76.51,79.0,44,1,6.93,clear sky
700,Ileza,RU,61.05,43.9,55.6,87,98,6.8,overcast clouds
701,Sabang,ID,5.89,95.32,83.68,72,99,17.96,light rain
702,Vorukh,TJ,39.85,70.58,64.58,32,1,2.98,clear sky
